"Country","Iso"
"Afghanistan","af"
"Agalega & St. Brandon","mu"
"Aland Is.","fi"
"Alaska","us"
"Albania","al"
"Algeria","dz"
"Amsterdam & St. Paul Is.","tf"
"Andaman & Nicobar Is.","in"
"Andorra","ad"
"Angola","ao"
"Anguilla","ai"
"Antarctica","aq"
"Antigua & Barbuda","ag"
"Argentina","ar"
"Armenia","am"
"Aruba","aw"
"Ascension I.","sh"
"Asiatic Russia","ru"
"Australia","au"
"Austria","at"
"Aves I.","ve"
"Azerbaijan","az"
"Azores","pt"
"Bahamas","bs"
"Bahrain","bh"
"Balearic Is.","es"
"Banaba I. (Ocean I.)","ki"
"Bangladesh","bd"
"Barbados","bb"
"Belarus","by"
"Belgium","be"
"Belize","bz"
"Benin","bj"
"Bermuda","bm"
"Bhutan","bt"
"Bolivia","bo"
"Bonaire","bq"
"Bosnia-Herzegovina","ba"
"Botswana","bw"
"Bouvet","bv"
"Brazil","br"
"British Virgin Is.","vg"
"Brunei Darussalam","bn"
"Bulgaria","bg"
"Burkina Faso","bf"
"Burundi","bi"
"C. Kiribati (British Phoenix Is.)","ki"
"Cambodia","kh"
"Cameroon","cm"
"Canada","ca"
"Canary Is.","es"
"Cape Verde","cv"
"Cayman Is.","ky"
"Central Africa","cf"
"Ceuta & Melilla","es"
"Chad","td"
"Chagos Is.","io"
"Chatham Is.","nz"
"Chesterfield Is.","nc"
"Chile","cl"
"China","cn"
"Cocos (Keeling) Is.","cc"
"Cocos I.","cr"
"Colombia","co"
"Comoros","km"
"Congo","cg"
"Conway Reef","fj"
"Corsica","fr"
"Costa Rica","cr"
"Cote d'Ivoire","ci"
"Crete","gr"
"Croatia","hr"
"Crozet I.","tf"
"Cuba","cu"
"Curacao","cw"
"Cyprus","cy"
"Czech Republic","cz"
"Dem. Rep. Of Congo","cd"
"Denmark","dk"
"Desecheo I.","pr"
"Djibouti","dj"
"Dodecanese","gr"
"Dominica","dm"
"Dominican Republic","do"
"Ducie I.","pn"
"E. Kiribati (Line Is.)","ki"
"East Malaysia","my"
"East Timor","tl"
"Easter I.","cl"
"Ecuador","ec"
"Egypt","eg"
"El Salvador","sv"
"England","gb"
"Equatorial Guinea","gq"
"Eritrea","er"
"Estonia","ee"
"Ethiopia","et"
"European Russia","ru"
"Falkland Is.","fk"
"Faroe Is.","fo"
"Fed. Rep. of Germany","de"
"Fernando de Noronha","br"
"Fiji","fj"
"Finland","fi"
"France","fr"
"Franz Josef Land","ru"
"French Guiana","gf"
"French Polynesia","pf"
"Gabon","ga"
"Galapagos Is.","ec"
"Georgia","ge"
"Ghana","gh"
"Gibraltar","gi"
"Glorioso Is.","tf"
"Greece","gr"
"Greenland","gl"
"Grenada","gd"
"Guadeloupe","gp"
"Guam","gu"
"Guantanamo Bay","cu"
"Guatemala","gt"
"Guernsey","gg"
"Guinea","gn"
"Guinea-Bissau","gw"
"Guyana","gy"
"Haiti","ht"
"Hawaii","us"
"Heard I.","hm"
"Honduras","hn"
"Hong Kong","hk"
"Hungary","hu"
"Iceland","is"
"India","in"
"Indonesia","id"
"Iran","ir"
"Iraq","iq"
"Ireland","ie"
"Isle of Man","im"
"Israel","il"
"Italy","it"
"ITU HQ","ch"
"Jamaica","jm"
"Jan Mayen","no"
"Japan","jp"
"Jersey","je"
"Jordan","jo"
"Juan de Nova, Europa","tf"
"Juan Fernandez Is.","cl"
"Kaliningrad","ru"
"Kazakhstan","kz"
"Kenya","ke"
"Kerguelen Is.","tf"
"Kermadec Is.","nz"
"Kuwait","kw"
"Kyrgystan","kg"
"Laos","la"
"Latvia","lv"
"Lebanon","lb"
"Lesotho","ls"
"Liberia","lr"
"Libya","ly"
"Liechtenstein","li"
"Lithuania","lt"
"Lord Howe I.","au"
"Luxembourg","lu"
"Macao","mo"
"Macedonia","mk"
"Macquarie I.","au"
"Madagascar","mg"
"Madeira Is.","pt"
"Malawi","mw"
"Malaysia","my"
"Maldives","mv"
"Mali","ml"
"Malpelo I.","co"
"Malta","mt"
"Mariana Is.","mp"
"Market Reef","fi"
"Marshall Is.","mh"
"Martinique","mq"
"Mauritania","mr"
"Mauritius","mu"
"Mayotte","yt"
"Mellish Reef","au"
"Mexico","mx"
"Micronesia","fm"
"Midway I.","um"
"Minami Torishima","jp"
"Moldova","md"
"Monaco","mc"
"Mongolia","mn"
"Montenegro","me"
"Montserrat","ms"
"Morocco","ma"
"Mount Athos","gr"
"Mozambique","mz"
"Myanmar","mm"
"Namibia","na"
"Nauru","nr"
"Navassa I.","ht"
"Nepal","np"
"Netherlands","nl"
"New Caledonia","nc"
"New Zealand","nz"
"New Zealand Subantarctic Islands","nz"
"Nicaragua","ni"
"Niger","ne"
"Nigeria","ng"
"Niue","nu"
"Norfolk I.","nf"
"North Korea","kp"
"Northern Ireland","gb"
"Norway","no"
"Ogasawara","jp"
"Oman","om"
"Pakistan","pk"
"Palau","pw"
"Palestine","ps"
"Panama","pa"
"Papua New Guinea","pg"
"Paraguay","py"
"Peru","pe"
"Peter I I.","no"
"Philippines","ph"
"Pitcairn I.","pn"
"Poland","pl"
"Portugal","pt"
"Pratas","tw"
"Puerto Rico","pr"
"Qatar","qa"
"Republic of Kosovo","xk"
"Reunion","re"
"Rodriguez I.","mu"
"Romania","ro"
"Rotuma I.","fj"
"Russia","ru"
"Rwanda","rw"
"Saba & St. Eustatius","bq"
"Saint Barthelemy","bl"
"Saint Martin","mf"
"San Andres & Providencia","co"
"San Felix & San Ambrosio","cl"
"Sao Tome & Principe","st"
"Sardinia","it"
"Saudi Arabia","sa"
"Scarborough Reef","ph"
"Scotland","gb"
"Senegal","sn"
"Serbia","rs"
"Seychelles","sc"
"Sierra Leone","sl"
"Singapore","sg"
"Slovak Republic","sk"
"Slovenia","si"
"Solomon Is.","sb"
"Somalia","so"
"South Africa","za"
"South Georgia I.","gs"
"South Korea","kr"
"South Orkney Is.","gs"
"South Sandwich Is.","gs"
"South Shetland Is.","gs"
"South Sudan","ss"
"Sov. Mil. Order of Malta","it"
"Spain","es"
"Spratly Is.","ph"
"Sri Lanka","lk"
"St Maarten","sx"
"St. Helena","sh"
"St. Kitts & Nevis","kn"
"St. Lucia","lc"
"St. Maarten","sx"
"St. Peter & St. Paul Rocks","br"
"St. Pierre & Miquelon","pm"
"St. Vincent","vc"
"Sudan","sd"
"Suriname","sr"
"Svalbard","sj"
"Swaziland","sz"
"Sweden","se"
"Switzerland","ch"
"Syria","sy"
"Taiwan","tw"
"Tajikistan","tj"
"Tanzania","tz"
"Temotu Province","sb"
"Thailand","th"
"The Gambia","gm"
"Togo","tg"
"Tokelau Is.","tk"
"Tonga","to"
"Trindade & Martim Vaz Is.","br"
"Trinidad & Tobago","tt"
"Tromelin I.","tf"
"Tunisia","tn"
"Turkey","tr"
"Turkmenistan","tm"
"Turks & Caicos Is.","tc"
"Tuvalu","tv"
"Uganda","ug"
"UK Sovereign Base Areas on Cyprus","cy"
"Ukraine","ua"
"United Arab Emirates","ae"
"United Nations HQ","un"
"United States of America","us"
"Uruguay","uy"
"Uzbekistan","uz"
"Vanuatu","vu"
"Vatican","va"
"Venezuela","ve"
"Vietnam","vn"
"Virgin Is.","vi"
"W. Kiribati (Gilbert Is. )","ki"
"Wales","gb"
"Wallis & Futuna Is.","wf"
"West Malaysia","my"
"Western Sahara","eh"
"Western Samoa","ws"
"Willis I.","au"
"Yemen","ye"
"Zambia","zm"
"Zimbabwe","zw"
