entity,dxcc_name,flag_iso,source
1,"Canada",ca,k0swe
3,"Afghanistan",af,k0swe
4,"Agalega & St. Brandon",mu,k0swe
5,"Aland Islands",ax,k0swe
6,"Alaska",us,k0swe
7,"Albania",al,k0swe
9,"American Samoa",as,k0swe
10,"Amsterdam & St. Paul Is.",tf,k0swe
11,"Andaman & Nicobar Is.",in,k0swe
12,"Anguilla",ai,k0swe
13,"Antarctica",aq,k0swe
14,"Armenia",am,k0swe
15,"Asiatic Russia",ru,k0swe
16,"N.Z. Subantarctic Is.",nz,k0swe
17,"Aves Island",ve,k0swe
18,"Azerbaijan",az,k0swe
20,"Baker & Howland Islands",um,k0swe
21,"Balearic Islands",es,k0swe
22,"Palau",pw,k0swe
24,"Bouvet",bv,k0swe
27,"Belarus",by,k0swe
29,"Canary Islands",es,k0swe
31,"Central Kiribati",ki,k0swe
32,"Ceuta & Melilla",es,k0swe
33,"Chagos Islands",io,k0swe
34,"Chatham Islands",nz,k0swe
35,"Christmas Island",cx,k0swe
36,"Clipperton Island",pf,k0swe
37,"Cocos Island",cr,k0swe
38,"Cocos (Keeling) Islands",cc,k0swe
40,"Crete",gr,k0swe
41,"Crozet Island",tf,k0swe
43,"Desecheo Island",pr,k0swe
45,"Dodecanese",gr,k0swe
46,"East Malaysia",my,k0swe
47,"Easter Island",cl,k0swe
48,"Eastern Kiribati",ki,k0swe
49,"Equatorial Guinea",gq,k0swe
50,"Mexico",mx,k0swe
51,"Eritrea",er,k0swe
52,"Estonia",ee,k0swe
53,"Ethiopia",et,k0swe
54,"European Russia",ru,k0swe
56,"Fernando de Noronha",br,k0swe
60,"Bahamas",bs,k0swe
61,"Franz Josef Land",ru,k0swe
62,"Barbados",bb,k0swe
63,"French Guiana",gf,k0swe
64,"Bermuda",bm,k0swe
65,"British Virgin Islands",vg,k0swe
66,"Belize",bz,k0swe
69,"Cayman Islands",ky,k0swe
70,"Cuba",cu,k0swe
71,"Galapagos Islands",ec,k0swe
72,"Dominican Republic",do,k0swe
74,"El Salvador",sv,k0swe
75,"Georgia",ge,k0swe
76,"Guatemala",gt,k0swe
77,"Grenada",gd,k0swe
78,"Haiti",ht,k0swe
79,"Guadeloupe",gp,k0swe
80,"Honduras",hn,k0swe
82,"Jamaica",jm,k0swe
84,"Martinique",mq,k0swe
86,"Nicaragua",ni,k0swe
88,"Panama",pa,k0swe
89,"Turks & Caicos Islands",tc,k0swe
90,"Trinidad & Tobago",tt,k0swe
91,"Aruba",aw,k0swe
94,"Antigua & Barbuda",ag,k0swe
95,"Dominica",dm,k0swe
96,"Montserrat",ms,k0swe
97,"St. Lucia",lc,k0swe
98,"St. Vincent",vc,k0swe
99,"Glorioso Islands",tf,k0swe
100,"Argentina",ar,k0swe
103,"Guam",gu,k0swe
104,"Bolivia",bo,k0swe
105,"Guantanamo Bay",us,k0swe
106,"Guernsey",gg,k0swe
107,"Guinea",gn,k0swe
108,"Brazil",br,k0swe
109,"Guinea-Bissau",gw,k0swe
110,"Hawaii",us,k0swe
111,"Heard Island",hm,k0swe
112,"Chile",cl,k0swe
114,"Isle of Man",im,k0swe
116,"Colombia",co,k0swe
117,"ITU HQ",un,k0swe
118,"Jan Mayen",sj,k0swe
120,"Ecuador",ec,k0swe
122,"Jersey",je,k0swe
123,"Johnston Island",us,k0swe
124,"Juan de Nova & Europa",tf,k0swe
125,"Juan Fernandez Islands",cl,k0swe
126,"Kaliningrad",ru,k0swe
129,"Guyana",gy,k0swe
130,"Kazakhstan",kz,k0swe
131,"Kerguelen Islands",tf,k0swe
132,"Paraguay",py,k0swe
133,"Kermadec Islands",nz,k0swe
135,"Kyrgyzstan",kg,k0swe
136,"Peru",pe,k0swe
137,"Republic of Korea",kr,k0swe
138,"Kure Island",us,k0swe
140,"Suriname",sr,k0swe
141,"Falkland Islands",fk,k0swe
142,"Lakshadweep Islands",in,k0swe
143,"Laos",la,k0swe
144,"Uruguay",uy,k0swe
145,"Latvia",lv,k0swe
146,"Lithuania",lt,k0swe
147,"Lord Howe Island",au,k0swe
148,"Venezuela",ve,k0swe
149,"Azores",pt,k0swe
150,"Australia",au,k0swe
152,"Macao",mo,k0swe
153,"Macquarie Island",au,k0swe
157,"Nauru",nr,k0swe
158,"Vanuatu",vu,k0swe
159,"Maldives",mv,k0swe
160,"Tonga",to,k0swe
161,"Malpelo Island",co,k0swe
162,"New Caledonia",nc,k0swe
163,"Papua New Guinea",pg,k0swe
165,"Mauritius",mu,k0swe
166,"Mariana Islands",mp,k0swe
167,"Market Reef",zz,k0swe
168,"Marshall Islands",mh,k0swe
169,"Mayotte",yt,k0swe
170,"New Zealand",nz,k0swe
171,"Mellish Reef",au,k0swe
172,"Pitcairn Island",pn,k0swe
173,"Micronesia",fm,k0swe
174,"Midway Island",us,k0swe
175,"French Polynesia",pf,k0swe
176,"Fiji",fj,k0swe
177,"Minami Torishima",jp,k0swe
179,"Moldova",md,k0swe
180,"Mount Athos",gr,k0swe
181,"Mozambique",mz,k0swe
182,"Navassa Island",us,k0swe
185,"Solomon Islands",sb,k0swe
187,"Niger",ne,k0swe
188,"Niue",nu,k0swe
189,"Norfolk Island",au,k0swe
190,"Samoa",ws,k0swe
191,"North Cook Islands",ck,k0swe
192,"Ogasawara",jp,k0swe
195,"Annobon Island",gq,k0swe
197,"Palmyra & Jarvis Islands",us,k0swe
199,"Peter 1 Island",bv,k0swe
201,"Pr. Edward & Marion Is.",za,k0swe
202,"Puerto Rico",pr,k0swe
203,"Andorra",ad,k0swe
204,"Revillagigedo",mx,k0swe
205,"Ascension Island",sh,k0swe
206,"Vienna Intl Ctr",at,k0swe
207,"Rodriguez Island",mu,k0swe
209,"Belgium",be,k0swe
211,"Sable Island",ca,k0swe
212,"Bulgaria",bg,k0swe
213,"St. Martin",fr,k0swe
214,"Corsica",fr,k0swe
215,"Cyprus",cy,k0swe
216,"San Andres & Providencia",co,k0swe
217,"San Felix & San Ambrosio",cl,k0swe
219,"Sao Tome & Principe",st,k0swe
221,"Denmark",dk,k0swe
222,"Faroe Islands",fo,k0swe
223,"England",gb,k0swe
224,"Finland",fi,k0swe
225,"Sardinia",it,k0swe
227,"France",fr,k0swe
230,"Fed. Rep. of Germany",de,k0swe
232,"Somalia",so,k0swe
233,"Gibraltar",gi,k0swe
234,"South Cook Islands",ck,k0swe
235,"South Georgia Island",gb,k0swe
236,"Greece",gr,k0swe
237,"Greenland",gl,k0swe
238,"South Orkney Islands",aq,k0swe
239,"Hungary",hu,k0swe
240,"South Sandwich Islands",gb,k0swe
241,"South Shetland Islands",aq,k0swe
242,"Iceland",is,k0swe
245,"Ireland",ie,k0swe
246,"Sov Mil Order of Malta",zz,k0swe
247,"Spratly Islands",zz,k0swe
248,"Italy",it,k0swe
249,"St. Kitts & Nevis",kn,k0swe
250,"St. Helena",sh,k0swe
251,"Liechtenstein",li,k0swe
252,"St. Paul Island",ca,k0swe
253,"St. Peter & St. Paul",br,k0swe
254,"Luxembourg",lu,k0swe
256,"Madeira Islands",pt,k0swe
257,"Malta",mt,k0swe
259,"Svalbard",sj,k0swe
260,"Monaco",mc,k0swe
262,"Tajikistan",tj,k0swe
263,"Netherlands",nl,k0swe
265,"Northern Ireland",xi,k0swe
266,"Norway",no,k0swe
269,"Poland",pl,k0swe
270,"Tokelau Islands",tk,k0swe
272,"Portugal",pt,k0swe
273,"Trindade & Martim Vaz",br,k0swe
274,"Tristan da Cunha & Gough Islands",sh,k0swe
275,"Romania",ro,k0swe
276,"Tromelin Island",tf,k0swe
277,"St. Pierre & Miquelon",pm,k0swe
278,"San Marino",sm,k0swe
279,"Scotland",gb,k0swe
280,"Turkmenistan",tm,k0swe
281,"Spain",es,k0swe
282,"Tuvalu",tv,k0swe
283,"UK Base Areas on Cyprus",gb,k0swe
284,"Sweden",se,k0swe
285,"US Virgin Islands",vi,k0swe
286,"Uganda",ug,k0swe
287,"Switzerland",ch,k0swe
288,"Ukraine",ua,k0swe
289,"United Nations HQ",un,k0swe
291,"United States",us,k0swe
292,"Uzbekistan",uz,k0swe
293,"Vietnam",vn,k0swe
294,"Wales",gb,k0swe
295,"Vatican City",va,k0swe
296,"Serbia",rs,k0swe
297,"Wake Island",us,k0swe
298,"Wallis & Futuna Islands",wf,k0swe
299,"West Malaysia",my,k0swe
301,"Western Kiribati",ki,k0swe
302,"Western Sahara",eh,k0swe
303,"Willis Island",au,k0swe
304,"Bahrain",bh,k0swe
305,"Bangladesh",bd,k0swe
306,"Bhutan",bt,k0swe
308,"Costa Rica",cr,k0swe
309,"Myanmar",mm,k0swe
312,"Cambodia",kh,k0swe
315,"Sri Lanka",lk,k0swe
318,"China",cn,k0swe
321,"Hong Kong",hk,k0swe
324,"India",in,k0swe
327,"Indonesia",id,k0swe
330,"Iran",ir,k0swe
333,"Iraq",iq,k0swe
336,"Israel",il,k0swe
339,"Japan",jp,k0swe
342,"Jordan",jo,k0swe
344,"DPR of Korea",kp,k0swe
345,"Brunei Darussalam",bn,k0swe
348,"Kuwait",kw,k0swe
354,"Lebanon",lb,k0swe
363,"Mongolia",mn,k0swe
369,"Nepal",np,k0swe
370,"Oman",om,k0swe
372,"Pakistan",pk,k0swe
375,"Philippines",ph,k0swe
376,"Qatar",qa,k0swe
378,"Saudi Arabia",sa,k0swe
379,"Seychelles",sc,k0swe
381,"Singapore",sg,k0swe
382,"Djibouti",dj,k0swe
384,"Syria",sy,k0swe
386,"Taiwan",tw,k0swe
387,"Thailand",th,k0swe
390,"Asiatic Turkey",tr,k0swe
391,"United Arab Emirates",ae,k0swe
400,"Algeria",dz,k0swe
401,"Angola",ao,k0swe
402,"Botswana",bw,k0swe
404,"Burundi",bi,k0swe
406,"Cameroon",cm,k0swe
408,"Central African Republic",cf,k0swe
409,"Cape Verde",cv,k0swe
410,"Chad",td,k0swe
411,"Comoros",km,k0swe
412,"Republic of the Congo",cg,k0swe
414,"Dem. Rep. of the Congo",cd,k0swe
416,"Benin",bj,k0swe
420,"Gabon",ga,k0swe
422,"The Gambia",gm,k0swe
424,"Ghana",gh,k0swe
428,"Cote d'Ivoire",ci,k0swe
430,"Kenya",ke,k0swe
432,"Lesotho",ls,k0swe
434,"Liberia",lr,k0swe
436,"Libya",ly,k0swe
438,"Madagascar",mg,k0swe
440,"Malawi",mw,k0swe
442,"Mali",ml,k0swe
444,"Mauritania",mr,k0swe
446,"Morocco",ma,k0swe
450,"Nigeria",ng,k0swe
452,"Zimbabwe",zw,k0swe
453,"Reunion Island",fr,k0swe
454,"Rwanda",rw,k0swe
456,"Senegal",sn,k0swe
458,"Sierra Leone",sl,k0swe
460,"Rotuma Island",fj,k0swe
462,"South Africa",za,k0swe
464,"Namibia",na,k0swe
466,"Sudan",sd,k0swe
468,"Kingdom of Eswatini",sz,k0swe
470,"Tanzania",tz,k0swe
474,"Tunisia",tn,k0swe
478,"Egypt",eg,k0swe
480,"Burkina Faso",bf,k0swe
482,"Zambia",zm,k0swe
483,"Togo",tg,k0swe
489,"Conway Reef",fj,k0swe
490,"Banaba Island",ki,k0swe
492,"Yemen",ye,k0swe
497,"Croatia",hr,k0swe
499,"Slovenia",si,k0swe
501,"Bosnia-Herzegovina",ba,k0swe
502,"North Macedonia",mk,k0swe
503,"Czech Republic",cz,k0swe
504,"Slovak Republic",sk,k0swe
505,"Pratas Island",tw,k0swe
506,"Scarborough Reef",cn,k0swe
507,"Temotu Province",sb,k0swe
508,"Austral Islands",pf,k0swe
509,"Marquesas Islands",pf,k0swe
510,"Palestine",ps,k0swe
511,"Timor - Leste",tl,k0swe
512,"Chesterfield Islands",nc,k0swe
513,"Ducie Island",pn,k0swe
514,"Montenegro",me,k0swe
515,"Swains Island",as,k0swe
516,"St. Barthelemy",fr,k0swe
517,"Curacao",cw,k0swe
518,"Sint Maarten",sx,k0swe
519,"Saba & St. Eustatius",bq,k0swe
520,"Bonaire",bq,k0swe
521,"Republic of South Sudan",ss,k0swe
522,"Republic of Kosovo",xk,k0swe
